slug,tipo_pagina,keyword_objetivo,tool_a_id,tool_b_id,categoria,caso_uso,ganador_general,diferencia_principal,mejor_para_tool_a,mejor_para_tool_b
heygen-vs-synthesia,vs,heygen vs synthesia,heygen,synthesia,ia-para-video,avatares-ia,HeyGen,HeyGen es superior en realismo y personalización de avatares mientras que Synthesia lidera en el mercado corporativo.,Creadores independientes y marketers,Equipos de formación corporativa
runway-ml-vs-pika-art,vs,runway vs pika,runway-ml,pika-art,ia-para-video,generacion-video,Runway,Runway ofrece mayor control de cámara y realismo cinematográfico mientras que Pika es más sencillo y estilizado.,Cineastas y profesionales visuales,Creadores de redes sociales
runway-ml-vs-luma-dream,vs,runway vs luma dream,runway-ml,luma-dream,ia-para-video,generacion-video,Luma Dream,Luma Dream Machine ofrece un realismo físico superior en menos tiempo que Runway Gen-2.,VFX y artistas de efectos especiales,Creadores que buscan rapidez y realismo físico
heygen-vs-elai-io,vs,heygen vs elai,heygen,elai-io,ia-para-video,avatares-ia,HeyGen,HeyGen ofrece una calidad de avatar mucho más natural y mayor variedad de voces.,Marketing y ventas de alto nivel,Instructores con presupuesto ajustado
synthesia-vs-colossyan,vs,synthesia vs colossyan,synthesia,colossyan,ia-para-video,formacion-corporativa,Colossyan,Colossyan permite mayor expresividad y cambios de humor en los avatares que Synthesia.,Formadores que buscan interactividad,Grandes corporaciones con flujos establecidos
invideo-ai-vs-pictory,vs,invideo vs pictory,invideo-ai,pictory,ia-para-video,contenido-para-redes,InVideo AI,InVideo AI ofrece una suite de edición más completa para YouTube comparado con Pictory.,YouTubers y creadores faceless,Bloggers que quieren pasar texto a video rápido
descript-vs-filmora,vs,descript vs filmora,descript,filmora,ia-para-video,edicion-video,Descript,Descript revoluciona la edición mediante texto mientras que Filmora ofrece un entorno de edición tradicional.,Podcasters y editores de entrevistas,Creadores que buscan efectos y transiciones clásicas
capcut-vs-clipchamp,vs,capcut vs clipchamp,capcut,clipchamp,ia-para-video,edicion-basica,CapCut,CapCut tiene muchas más funciones avanzadas de IA gratuitas y plantillas de tendencia.,Creadores de TikTok y Reels,Usuarios de Windows buscando simplicidad extrema
vidyo-ai-vs-opus-clip,vs,vidyo vs opus clip,vidyo-ai,opus-clip,ia-para-video,ia-para-shorts,OpusClip,OpusClip tiene una mejor detección de momentos virales y reencuadre automático.,Streamers y podcasters,Creadores que buscan personalización de subtítulos
jasper-ai-vs-copy-ai,vs,jasper vs copy ai,jasper-ai,copy-ai,ia-para-escritura,copywriting-marketing,Jasper,Jasper es superior para equipos y voz de marca consistente mientras que Copy.ai es mejor para workflows rápidos.,Agencias y equipos de marketing,Solopreneurs y startups en fase inicial
writesonic-vs-frase-io,vs,writesonic vs frase,writesonic,frase-io,ia-para-escritura,contenido-seo,Writesonic,Writesonic genera artículos completos rápidamente mientras que Frase destaca en el análisis SEO de la competencia.,Bloggers que buscan volumen de contenido,SEOs que necesitan optimización semántica profunda
grammarly-vs-wordtune,vs,grammarly vs wordtune,grammarly,wordtune,ia-para-escritura,mejora-escritura,Grammarly,Grammarly es el estándar en corrección gramatical mientras que Wordtune se especializa en reescribir frases.,Profesionales que escriben mucho en inglés,Escritores que buscan mejorar su estilo fluido
notion-ai-vs-rytr,vs,notion ai vs rytr,notion-ai,rytr,ia-para-escritura,asistente-escritura,Notion AI,Notion AI es imbatible si ya usas su ecosistema mientras que Rytr es la opción más económica del mercado.,Usuarios de Notion y equipos remotos,Freelancers con presupuesto muy limitado
sudowrite-vs-jasper-ai,vs,sudowrite vs jasper,sudowrite,jasper-ai,ia-para-escritura,escritura-creativa,Sudowrite,Sudowrite es la única herramienta diseñada 100% para novelistas y ficción creativa.,Escritores de novelas y ficción,Marketers y redactores corporativos
surfer-seo-vs-neuronwriter,vs,surfer seo vs neuronwriter,surfer-seo,neuronwriter,ia-para-seo,optimizacion-contenidos,SurferSEO,SurferSEO es la referencia de la industria con mejores datos mientras que NeuronWriter ofrece una relación calidad-precio increíble.,Agencias y SEOs de alto nivel,Consultores y nicheros con presupuesto ajustado
semrush-vs-ahrefs,vs,semrush vs ahrefs,semrush,ahrefs,ia-para-seo,seo-completo,Semrush,Semrush es una suite de marketing total (incluye PPC/Social) mientras que Ahrefs es el rey indiscutible de los backlinks.,Agencias de marketing 360,Especialistas en SEO técnico y Link Building
mangools-vs-ubersuggest,vs,mangools vs ubersuggest,mangools,ubersuggest,ia-para-seo,seo-barato,Mangools,Mangools ofrece herramientas mucho más precisas e intuitivas por un precio similar al de Ubersuggest.,Bloggers y SEOs principiantes,Pequeños negocios con necesidades básicas
midjourney-vs-dall-e,vs,midjourney vs dalle,midjourney,dall-e,ia-para-imagenes,generacion-imagenes,Midjourney,Midjourney ofrece una calidad artística inigualable mientras que DALL-E 3 destaca en comprensión del lenguaje.,Artistas y diseñadores profesionales,Usuarios casuales que buscan facilidad extrema
stable-diffusion-vs-flux-ai,vs,stable diffusion vs flux ai,stable-diffusion,flux-ai,ia-para-imagenes,generacion-open-source,Flux,Flux.1 ofrece un fotorrealismo superior y mejor anatomía de base que Stable Diffusion SDXL.,Usuarios que buscan el máximo realismo,Investigadores y techies que aman la personalización
leonardo-ai-vs-playground-ai,vs,leonardo vs playground,leonardo-ai,playground-ai,ia-para-imagenes,generacion-imagenes,Leonardo.AI,Leonardo.AI ofrece mejores modelos especializados y control mientras que Playground destaca en su generosidad gratuita.,Game designers y artistas conceptuales,Usuarios que necesitan muchas imágenes gratis diarias
canva-ai-vs-adobe-firefly,vs,canva vs adobe firefly,canva-ai,adobe-firefly,ia-para-imagenes,diseno-grafico,Adobe Firefly,Firefly ofrece una integración profesional en Photoshop superior mientras que Canva es ideal para no-diseñadores.,Diseñadores y fotógrafos Pro,Community managers y emprendedores
frase-io-vs-surfer-seo,vs,frase vs surfer,frase-io,surfer-seo,ia-para-seo,optimizacion-contenidos,SurferSEO,SurferSEO tiene un análisis NLP más preciso para rankear en Google comparado con Frase.,Nicheros que buscan rankear rápido,Equipos que necesitan briefs de contenido
semrush-vs-se-ranking,vs,semrush vs se ranking,semrush,se-ranking,ia-para-seo,seo-completo,Semrush,Semrush es mucho más profundo pero SE Ranking es la mejor alternativa calidad-precio para PYMEs.,Grandes agencias y corporaciones,PYMEs y SEOs independientes
pictory-vs-fliki,vs,pictory vs fliki,pictory,fliki,ia-para-video,voz-a-video,Fliki,Fliki tiene mejores voces IA naturales mientras que Pictory tiene mejor stock de video automático.,Creadores que priorizan la narración,Bloggers que quieren videos rápidos de stock
alternativa-a-heygen,alternativa,alternativas a heygen,heygen,,ia-para-video,avatares-ia,,,,
alternativa-a-runway-ml,alternativa,alternativas a runway ml,runway-ml,,ia-para-video,generacion-video,,,,
alternativa-a-synthesia,alternativa,alternativas a synthesia,synthesia,,ia-para-video,avatares-ia,,,,
alternativa-a-pika-art,alternativa,alternativas a pika art,pika-art,,ia-para-video,generacion-video,,,,
alternativa-a-invideo-ai,alternativa,alternativas a invideo ai,invideo-ai,,ia-para-video,creacion-desde-texto,,,,
alternativa-a-descript,alternativa,alternativas a descript,descript,,ia-para-video,edicion-por-texto,,,,
alternativa-a-capcut,alternativa,alternativas a capcut,capcut,,ia-para-video,edicion-movil,,,,
alternativa-a-pictory,alternativa,alternativas a pictory,pictory,,ia-para-video,contenido-para-redes,,,,
alternativa-a-fliki,alternativa,alternativas a fliki,fliki,,ia-para-video,voz-a-video,,,,
alternativa-a-veed-io,alternativa,alternativas a veed io,veed-io,,ia-para-video,edicion-web,,,,
alternativa-a-opus-clip,alternativa,alternativas a opus clip,opus-clip,,ia-para-video,ia-para-shorts,,,,
alternativa-a-elai-io,alternativa,alternativas a elai io,elai-io,,ia-para-video,avatares-ia,,,,
alternativa-a-colossyan,alternativa,alternativas a colossyan,colossyan,,ia-para-video,formacion-corporativa,,,,
alternativa-a-deepbrain-ai,alternativa,alternativas a deepbrain ai,deepbrain-ai,,ia-para-video,avatares-ia,,,,
alternativa-a-luma-dream,alternativa,alternativas a luma dream,luma-dream,,ia-para-video,generacion-video,,,,
alternativa-a-kaiber-ai,alternativa,alternativas a kaiber ai,kaiber-ai,,ia-para-video,generacion-artistica,,,,
alternativa-a-jasper-ai,alternativa,alternativas a jasper ai,jasper-ai,,ia-para-escritura,copywriting-marketing,,,,
alternativa-a-copy-ai,alternativa,alternativas a copy ai,copy-ai,,ia-para-escritura,copywriting-general,,,,
alternativa-a-writesonic,alternativa,alternativas a writesonic,writesonic,,ia-para-escritura,contenido-seo,,,,
alternativa-a-rytr,alternativa,alternativas a rytr,rytr,,ia-para-escritura,escritura-rapida,,,,
alternativa-a-notion-ai,alternativa,alternativas a notion ai,notion-ai,,ia-para-escritura,productividad-escritura,,,,
alternativa-a-frase-io,alternativa,alternativas a frase io,frase-io,,ia-para-escritura,contenido-seo,,,,
alternativa-a-sudowrite,alternativa,alternativas a sudowrite,sudowrite,,ia-para-escritura,escritura-creativa,,,,
alternativa-a-wordtune,alternativa,alternativas a wordtune,wordtune,,ia-para-escritura,reescritura-mejora,,,,
alternativa-a-koala-writer,alternativa,alternativas a koala writer,koala-writer,,ia-para-escritura,articulos-seo,,,,
alternativa-a-anyword,alternativa,alternativas a anyword,anyword,,ia-para-escritura,copywriting-datos,,,,
alternativa-a-neuronwriter,alternativa,alternativas a neuronwriter,neuronwriter,,ia-para-escritura,optimizacion-seo,,,,
alternativa-a-scalenut,alternativa,alternativas a scalenut,scalenut,,ia-para-escritura,seo-y-contenido,,,,
alternativa-a-midjourney,alternativa,alternativas a midjourney,midjourney,,ia-para-imagenes,arte-digital,,,,
alternativa-a-dall-e,alternativa,alternativas a dall e,dall-e,,ia-para-imagenes,generacion-imagenes,,,,
alternativa-a-stable-diffusion,alternativa,alternativas a stable diffusion,stable-diffusion,,ia-para-imagenes,generacion-open-source,,,,
alternativa-a-leonardo-ai,alternativa,alternativas a leonardo ai,leonardo-ai,,ia-para-imagenes,generacion-imagenes,,,,
alternativa-a-ideogram,alternativa,alternativas a ideogram,ideogram,,ia-para-imagenes,texto-en-imagenes,,,,
alternativa-a-adobe-firefly,alternativa,alternativas a adobe firefly,adobe-firefly,,ia-para-imagenes,diseno-profesional,,,,
alternativa-a-canva-ai,alternativa,alternativas a canva ai,canva-ai,,ia-para-imagenes,diseno-social-media,,,,
alternativa-a-clipdrop,alternativa,alternativas a clipdrop,clipdrop,,ia-para-imagenes,edicion-ia,,,,
alternativa-a-playground-ai,alternativa,alternativas a playground ai,playground-ai,,ia-para-imagenes,generacion-rapida,,,,
alternativa-a-flux-ai,alternativa,alternativas a flux ai,flux-ai,,ia-para-imagenes,generacion-avanzada,,,,
alternativa-a-krea-ai,alternativa,alternativas a krea ai,krea-ai,,ia-para-imagenes,generacion-en-tiempo-real,,,,
alternativa-a-surfer-seo,alternativa,alternativas a surfer seo,surfer-seo,,ia-para-seo,optimizacion-contenidos,,,,
alternativa-a-se-ranking,alternativa,alternativas a se ranking,se-ranking,,ia-para-seo,auditoria-ranking,,,,
alternativa-a-ubersuggest,alternativa,alternativas a ubersuggest,ubersuggest,,ia-para-seo,seo-accesible,,,,
alternativa-a-mangools,alternativa,alternativas a mangools,mangools,,ia-para-seo,keyword-research,,,,
alternativa-a-dinorank,alternativa,alternativas a dinorank,dinorank,,ia-para-seo,seo-en-espanol,,,,
mejores-ia-generacion-video,mejores,mejores herramientas de generacion de video con ia,,,ia-para-video,generacion-video,,,,
mejores-ia-avatares-corporativos,mejores,mejores ia de avatares corporativos,,,ia-para-video,avatares-ia,,,,
mejores-ia-editores-video-texto,mejores,mejores editores de video por texto con ia,,,ia-para-video,edicion-por-texto,,,,
mejores-ia-shorts-reels,mejores,mejores ia para crear shorts y reels,,,ia-para-video,ia-para-shorts,,,,
mejores-ia-escritura-bloggers,mejores,mejores ia de escritura para bloggers,,,ia-para-escritura,asistente-escritura,,,,
mejores-ia-copywriting-ventas,mejores,mejores herramientas de copywriting para ventas,,,ia-para-escritura,copywriting-general,,,,
mejores-ia-redaccion-seo,mejores,mejores ia para redaccion seo,,,ia-para-escritura,contenido-seo,,,,
mejores-ia-escritura-creativa,mejores,mejores asistentes de escritura creativa,,,ia-para-escritura,escritura-creativa,,,,
mejores-ia-generacion-imagenes,mejores,mejores generadores de imagenes con ia,,,ia-para-imagenes,generacion-imagenes,,,,
mejores-ia-arte-digital,mejores,mejores herramientas de arte digital ia,,,ia-para-imagenes,arte-digital,,,,
mejores-ia-diseno-grafico,mejores,mejores herramientas de diseno grafico con ia,,,ia-para-imagenes,diseno-grafico,,,,
mejores-ia-edicion-fotos,mejores,mejores editores de fotos con ia,,,ia-para-imagenes,edicion-fotos,,,,
mejores-ia-herramientas-seo,mejores,mejores herramientas seo con ia,,,ia-para-seo,seo-completo,,,,
mejores-ia-seo-baratas,mejores,mejores herramientas seo baratas,,,ia-para-seo,seo-accesible,,,,
mejores-ia-keyword-research,mejores,mejores herramientas de keyword research,,,ia-para-seo,keyword-research,,,,
mejores-ia-seo-espanol,mejores,mejores herramientas seo en espanol,,,ia-para-seo,seo-en-espanol,,,,
flux-ai-vs-midjourney,vs,flux vs midjourney,flux-ai-2026,midjourney,ia-para-imagenes,generacion-realista,Flux.1,Flux.1 ofrece un realismo anatómico y de texto superior siendo abierto, mientras que Midjourney mantiene su corona en estética artística y comunidad.,Artistas que buscan realismo extremo y control total,Creadores que priorizan la estética artística y la simplicidad
kling-ai-vs-sora,vs,kling ai vs sora,kling-ai,sora,ia-para-video,generacion-video,Sora,Sora ofrece una simulación física perfecta, mientras que Kling AI destaca por permitir videos de hasta 2 minutos ya disponibles para algunos usuarios.,Usuarios que necesitan videos largos con física aceptable,Profesionales que buscan la máxima calidad cinematográfica y física
cursor-vs-github-copilot,vs,cursor vs github copilot,cursor,github-copilot,ia-para-productividad,asistente-codigo,Cursor,Cursor es un editor completo que predice cambios en todo tu proyecto, mientras que Copilot es un plugin más tradicional enfocado en autocompletado.,Desarrolladores que quieren una IA proactiva y profunda,Programadores que prefieren mantenerse en VS Code oficial con estabilidad
elevenlabs-vs-murf-ai,vs,elevenlabs vs murf ai,elevenlabs,murf-ai,ia-para-audio,locucion-profesional,ElevenLabs,ElevenLabs destaca por su realismo emocional y clonación, mientras que Murf AI es superior en herramientas de estudio para e-learning corporativo.,Creadores de contenido y YouTubers emocionales,Empresas y formadores que buscan claridad y control corporativo
make-vs-zapier,vs,make vs zapier,make,zapier,ia-para-automatizacion,no-code,Make,Make ofrece control visual y precios mucho más bajos, mientras que Zapier es imbatible en facilidad de uso inicial y número de integraciones.,Usuarios que necesitan lógica compleja y ahorro de costes,Dueños de negocio que buscan la automatización más rápida y sencilla
