tool_id,nombre,categoria,caso_uso,precio_desde,modelo_pagos,idioma,nivel_usuario,url_oficial,url_afiliado,pros,contras,mejor_para,ideal_para,no_es_para,criterios_eleccion,descripcion
runway-ml,Runway,ia-para-video,generacion-video,12,mensual,en,avanzado,https://runwayml.com,https://tu-enlace-aqui.com/runway-ml,Control de cámara avanzado;Edición fotorrealista;Generación de video líder,Curva de aprendizaje empinada;Créditos caros,Artistas y cineastas experimentados,Directores y artistas visuales,Principiantes sin presupuesto,Curva de aprendizaje;Calidad del output;Precio por crédito,Runway es la suite de creatividad IA líder para generación y edición de video. Ofrece herramientas Gen-2 de última generación con control de cámara y efectos cinematográficos.
heygen,HeyGen,ia-para-video,avatares-ia,24,mensual,es,intermedio,https://heygen.com,https://tu-enlace-aqui.com/heygen,Avatares con realismo impresionante;Traducción de video a 40+ idiomas;Personalización avanzada de avatares,Costo por crédito elevado;Tiempos de renderizado largos,Marketing y ventas,Marketers y comunicadores de marca,Usuarios sin necesidad de videos locutados,Naturalidad del avatar;Idiomas soportados;Precio por minuto,HeyGen es la plataforma líder en creación de videos con avatares IA. Permite crear presentaciones y contenido de marketing con portavoces virtuales en más de 40 idiomas.
synthesia,Synthesia,ia-para-video,avatares-ia,22,mensual,es,intermedio,https://synthesia.io,https://tu-enlace-aqui.com/synthesia,Líder en avatares corporativos;Más de 120 idiomas disponibles;API robusta para integraciones,Voces a veces algo robóticas;Precio para equipos elevado,Formación corporativa y tutoriales,Equipos de L+D and RRHH,Creadores individuales de bajo presupuesto,Número de avatares disponibles;Idiomas y voces;Integraciones con LMS,Synthesia es la plataforma de referencia para vídeos corporativos con avatares IA. Ideal para formación onboarding y comunicación interna en múltiples idiomas.
pika-art,Pika,ia-para-video,generacion-video,0,gratis-y-mensual,en,basico,https://pika.art,https://tu-enlace-aqui.com/pika-art,Estilo cinematográfico automático;Interfaz muy sencilla de usar;Animación de fotos y videos de alta calidad,Menos control manual que Runway;Versión gratuita muy limitada,Creadores de redes sociales,Creadores de redes sociales y TikTok,Profesionales que necesitan control fino,Facilidad de uso;Calidad visual;Límites del plan gratuito,Pika es un generador de video IA enfocado en facilidad de uso y calidad visual. Convierte texto e imágenes en clips cinematográficos con un par de clics.
invideo-ai,InVideo AI,ia-para-video,creacion-desde-texto,0,mensual,es,basico,https://invideo.io,https://tu-enlace-aqui.com/invideo-ai,Generación instantánea de video desde texto;Acceso a millones de recursos premium;Editor intuitivo con plantillas,Voz en off a veces genérica;Limitaciones importantes en plan gratuito,YouTube y creadores de contenido,YouTubers y creadores de contenido faceless,Quienes necesitan videos de alta producción,Calidad de la voz en off;Librería de recursos;Integraciones con redes,InVideo AI genera videos completos a partir de texto o ideas en minutos. Es la herramienta perfecta para crear canales de YouTube faceless y contenido de marketing.
descript,Descript,ia-para-video,edicion-por-texto,12,mensual,en,intermedio,https://descript.com,https://tu-enlace-aqui.com/descript,Edita video editando the texto transcrito;Clonación de voz propia;Eliminador de muletillas automático,Requiere app de escritorio;Curva de aprendizaje inicial alta,Podcasters y editores de video,Podcasters y creadores de contenido hablado,Editores que trabajan con video B-roll creativo,Calidad de la transcripción;Funciones de clonación de voz;Compatibilidad de formatos,Descript revoluciona la edición de audio y video: transcriba su contenido y edítelo como si fuera un documento de texto. Ideal para podcasters y entrevistas.
capcut,CapCut,ia-para-video,edicion-movil,0,gratis-y-mensual,es,basico,https://capcut.com,https://tu-enlace-aqui.com/capcut,Funciones IA potentes y gratuitas;Interfaz muy intuitiva;Plantillas de tendencias virales actualizadas,Privacidad de datos cuestionable;Herramientas pro requieren pago,TikTok y Reels,Creadores de contenido para redes sociales,Profesionales que requieren privacidad de datos,Funciones gratuitas disponibles;Calidad de las plantillas;Política de privacidad,CapCut es el editor de video gratuito más popular para TikTok y Reels. Ofrece potentes funciones IA como eliminación de fondo, subtítulos automáticos y plantillas virales.
pictory,Pictory,ia-para-video,contenido-para-redes,19,mensual,en,basico,https://pictory.ai,https://tu-enlace-aqui.com/pictory,Convierte artículos de blog en videos automáticamente;Extrae clips virales de videos largos;Subtítulos automáticos precisos,Stock de videos limitado en plan base;Capacidades de traducción básicas,Bloggers y marketing de contenidos,Bloggers y equipos de marketing de contenido,Videógrafos que prefieren edición manual,Calidad del stock de video;Automatización de subtítulos;Precio por minuto,Pictory transforma artículos y guiones en videos con stock automático. Perfecto para bloggers que quieren repurposear su contenido en formato video.
fliki,Fliki,ia-para-video,voz-a-video,21,mensual,es,basico,https://fliki.ai,https://tu-enlace-aqui.com/fliki,Voces IA ultra realistas en múltiples idiomas;Clonación de voz en segundos;Gran variedad de idiomas y dialectos,Personalización visual bastante limitada;Créditos de voz limitados en planes básicos,Creadores de YouTube automáticos,Creadores de canales automatizados en YouTube,Quienes buscan diseño visual personalizado,Naturalidad de las voces;Idiomas disponibles;Créditos mensuales,Fliki convierte texto en videos narrados con voces IA hiperrealistas. Ideal para crear contenido de YouTube, podcasts de vídeo y presentaciones narradas.
veed-io,VEED.io,ia-para-video,edicion-web,18,mensual,es,basico,https://veed.io,https://tu-enlace-aqui.com/veed-io,Editor de video 100% online sin instalación;Subtítulos automáticos de alta precisión;Herramientas de branding y marca,Renderizado lento en proyectos grandes;Plan gratuito con limitaciones visibles,Redes sociales corporativas,Equipos de marketing y community managers,Editores de video avanzados con proyectos complejos,Precisión de los subtítulos;Herramientas de marca;Velocidad de renderizado,VEED.io es el editor de video online más completo para equipos de marketing. Destaca por sus subtítulos automáticos perfectos y sus herramientas de branding.
opus-clip,OpusClip,ia-para-video,ia-para-shorts,0,mensual,en,basico,https://opus.pro,https://tu-enlace-aqui.com/opus-clip,Convierte videos largos en shorts virales automáticamente;Puntuación de viralidad IA por clip;Reencuadre automático para cada plataforma,Específico únicamente para videos cortos;Capacidades de traducción muy limitadas,YouTubers y Streamers,Creadores de podcasts y streamers con contenido largo,Quienes crean contenido corto original,Calidad del recorte automático;Integración con plataformas;Plan gratuito disponible,OpusClip utiliza IA para identificar y recortar automáticamente los mejores momentos de tus videos largos y convertirlos en clips virales para redes sociales.
elai-io,Elai.io,ia-para-video,avatares-ia,23,mensual,es,intermedio,https://elai.io,https://tu-enlace-aqui.com/elai-io,Creación de avatar personalizado desde selfie;Integración nativa con plataformas L&D;Generación automática de scripts,Menos avatares disponibles que Synthesia;Interfaz mejorable en algunos flujos,E-learning y formación,Instructores y equipos de formación online,Empresas que necesitan avatares hiperrealistas de alta gama,Facilidad de creación de avatar propio;Integraciones LMS;Precio vs Synthesia,Elai.io permite crear un avatar IA personalizado a partir de una selfie para generar videos de formación y e-learning sin necesidad de cámara ni estudio.
colossyan,Colossyan,ia-para-video,formacion-corporativa,28,mensual,es,intermedio,https://colossyan.com,https://tu-enlace-aqui.com/colossyan,Cambio de humor y expresiones en avatares;Excelente para formación interactiva;Entorno de aprendizaje interactivo integrado,Precio por minuto relativamente alto;Menor popularidad y comunidad,Recursos Humanos y Formación,Directores de RRHH y formadores internos,Creadores de contenido de entretenimiento,Opciones de interactividad;Expresividad de los avatares;Integración con HR tech,Colossyan Creator es la plataforma de video IA especializada en formación corporativa interactiva. Sus avatares pueden mostrar diferentes emociones y estados de humor.
deepbrain-ai,DeepBrain AI,ia-para-video,avatares-ia,30,mensual,en,avanzado,https://deepbrain.io,https://tu-enlace-aqui.com/deepbrain-ai,Avatares fotorrealistas de última generación;Conversación en tiempo real con IA;Soluciones para kioscos y retail IA,Configuración inicial compleja;Costo elevado para pequeñas empresas,Servicio al cliente y Retail,Empresas de retail y atención al cliente,Creadores individuales y PYMEs,Fotorrealismo del avatar;Capacidades conversacionales;Precio y ROI,DeepBrain AI crea avatares hiperrealistas y agentes conversacionales de IA para puntos de venta, servicio al cliente automatizado y kioscos interactivos.
luma-dream,Luma Dream Machine,ia-para-video,generacion-video,0,gratis-y-mensual,en,intermedio,https://lumalabs.ai,https://tu-enlace-aqui.com/luma-dream,Realismo físico y espacial superior;Generación de video muy rápida;Comprensión del mundo físico sin precedentes,Pocos controles manuales disponibles;Versión gratuita muy limitada,VFX y experimentación visual,Artistas VFX y directores creativos,Creadores que necesitan control total del plano,Calidad del realismo físico;Velocidad de generación;Plan gratuito disponible,Luma Dream Machine genera clips de video de alta calidad a partir de texto e imágenes con un realismo físico superior. Ideal para VFX y exploración creativa visual.
kaiber-ai,Kaiber,ia-para-video,generacion-artistica,15,mensual,en,basico,https://kaiber.ai,https://tu-enlace-aqui.com/kaiber-ai,Estilos artísticos únicos y personalizados;Animación sincronizada con audio;Control de movimiento artístico,Específico para estilos artísticos no realistas;No apto para video hiperrealista,Músicos y creadores visuales,Artistas musicales y creadores de videoclips,Quienes necesitan video realista o corporativo,Unicidad del estilo artístico;Sincronización con música;Precio,Kaiber crea visualizaciones artísticas y videoclips animados con IA. Su capacidad de sincronización con audio lo hace ideal para músicos y artistas visuales.
filmora,Filmora,ia-para-video,edicion-escritorio,49,unico,es,intermedio,https://filmora.wondershare.net,https://tu-enlace-aqui.com/filmora,Mejora de audio con IA integrada;Eliminación inteligente de fondos;Máscaras y efectos inteligentes,Requiere instalación en escritorio;Paquetes de efectos extra con coste adicional,Editores de video semi-profesionales,Creadores de video semi-profesionales en PC,Editores que buscan herramientas 100% online,Funciones IA disponibles;Precio de pago único;Compatibilidad de efectos y plugins,Filmora es un editor de video de escritorio potenciado con IA que ofrece herramientas de mejora de audio, eliminación de fondos y máscaras inteligentes a un precio accesible.
clipchamp,Clipchamp,ia-para-video,edicion-basica,0,gratis-y-mensual,es,basico,https://clipchamp.com,https://tu-enlace-aqui.com/clipchamp,Integrado nativamente en Windows 11;Gran variedad de plantillas gratuitas;Voces de Azure Text-to-Speech incluidas,Funciones avanzadas muy limitadas;Exportación en alta calidad lenta,Principiantes y pequeñas empresas,Usuarios de Windows y principiantes absolutos,Editores que necesitan funciones avanzadas,Integración con el ecosistema Microsoft;Funciones gratuitas disponibles;Facilidad de uso,Clipchamp es el editor de video gratuito integrado en Windows 11. Ofrece plantillas, transiciones y herramientas básicas de IA perfectas para principiantes.
vidyo-ai,Vidyo.ai,ia-para-video,ia-para-reels,0,mensual,en,basico,https://vidyo.ai,https://tu-enlace-aqui.com/vidyo-ai,Detección automática inteligente de clips destacados;Subtítulos con emojis animados;Exportación multi-plataforma simultánea,Enfoque exclusivo en redes sociales;Interfaz algo densa y confusa,Creadores de contenido social,Creadores de contenido para Instagram y TikTok,Creadores de contenido largo o podcasts,Calidad de la detección de clips;Formatos de exportación;Precio del plan gratuito,Vidyo.ai extrae automáticamente los mejores clips de tus videos largos para publicar en redes sociales. Añade subtítulos, emojis y los optimiza para cada plataforma.
simplified,Simplified,ia-para-video,marketing-multimodal,11,mensual,es,basico,https://simplified.com,https://tu-enlace-aqui.com/simplified,Editor de video y diseño gráfico en una sola plataforma;Generación automática de subtítulos;Precios muy competitivos para equipos,No tan potente como Adobe Premiere;Overload de herramientas en la interfaz,Emprendedores y Community Managers,Emprendedores y pequeños equipos de marketing,Profesionales especializados en video o diseño,Versatilidad de herramientas;Precio para equipos;Calidad del editor de video,Simplified es una suite todo-en-uno que combina edición de video, diseño gráfico e IA generativa. Ideal para equipos pequeños que buscan una sola herramienta para todo.
jasper-ai,Jasper,ia-para-escritura,copywriting-marketing,39,mensual,es,intermedio,https://jasper.ai,https://tu-enlace-aqui.com/jasper-ai,Plantillas de marketing avanzadas y probadas;Voz de marca personalizable y consistente;Integración nativa con SurferSEO,Precio elevado para usuarios individuales;El contenido requiere supervisión y edición,Equipos de marketing and agencias,Equipos de marketing digital y agencias creativas,Freelancers con presupuesto ajustado,Calidad de las plantillas de marketing;Personalización de la voz de marca;Integraciones disponibles,Jasper es el asistente de escritura IA líder para equipos de marketing. Genera textos de alto rendimiento para anuncios, blogs y redes sociales manteniendo la voz de tu marca.
copy-ai,Copy.ai,ia-para-escritura,copywriting-general,36,mensual,es,basico,https://copy.ai,https://tu-enlace-aqui.com/copy-ai,Interfaz muy fácil de usar;Plan gratuito con créditos generosos;Workflows de automatización integrados,Menos funciones de control SEO que Jasper;Versatilidad de outputs algo limitada,Redactores y startups,Redactores freelance y fundadores de startups,Agencias que necesitan mucho volumen y control SEO,Facilidad de uso inicial;Generosidad del plan gratuito;Automatización con workflows,Copy.ai es una plataforma de escritura IA diseñada para la velocidad. Genera copys para marketing, redes sociales y ventas en segundos con una interfaz muy intuitiva.
writesonic,Writesonic,ia-para-escritura,contenido-seo,16,mensual,es,basico,https://writesonic.com,https://tu-enlace-aqui.com/writesonic,Chatsonic con acceso a datos en tiempo real;Generación de artículos largos completos;Verificación de hechos con IA integrada,Calidad variable en textos muy largos;Interfaz que cambia frecuentemente,Bloggers que necesitan volumen,Bloggers y redactores que buscan volumen con SEO,Escritores creativos que buscan calidad literaria,Calidad de los artículos generados;Acceso a datos en tiempo real;Precio por crédito,Writesonic genera artículos SEO optimizados y contenido de marketing a escala. Su Chatsonic integra datos de internet en tiempo real para contenido siempre actualizado.
rytr,Rytr,ia-para-escritura,escritura-rapida,9,mensual,es,basico,https://rytr.me,https://tu-enlace-aqui.com/rytr,Plan gratuito muy útil con 10k caracteres;Extremadamente económico comparado con rivales;Más de 40 plantillas de escritura disponibles,Calidad inferior en textos complejos y técnicos;Límite de caracteres puede ser restrictivo,Freelancers con presupuesto ajustado,Freelancers y emprendedores con presupuesto limitado,Agencias que requieren calidad y volumen alto,Precio y relación calidad-precio;Generosidad del plan gratuito;Variedad de plantillas disponibles,Rytr es el asistente de escritura IA más asequible del mercado. Perfecto para freelancers que necesitan una herramienta básica de generación de texto a bajo costo.
notion-ai,Notion AI,ia-para-productividad,productividad-escritura,10,mensual,es,basico,https://notion.so,https://tu-enlace-aqui.com/notion-ai,Completamente integrado en tu workspace de Notion;Resumen y reescritura de notas existentes;Colaboración en equipo dentro del mismo entorno,Solo es útil si ya usas Notion activamente;No es un escritor de contenido dedicado,Equipos que usan Notion para gestión,Equipos que ya gestionan proyectos en Notion,Escritores que no usan Notion como base,Nivel de integración con Notion;Capacidades de resumen;Precio añadido,Notion AI potencia el workspace de Notion con inteligencia artificial. Permite resumir, editar y generar texto directamente dentro de tus documentos y bases de datos.
grammarly,Grammarly,ia-para-escritura,correccion-estilo,12,mensual,en,basico,https://grammarly.com,https://tu-enlace-aqui.com/grammarly,Corrección gramatical casi impecable;Análisis de tono y estilo en tiempo real;Extensión para navegador y Office,Principalmente enfocado en inglés;No genera contenido desde cero,Escritores en inglés y profesionales bilingües,Profesionales que escriben en inglés frecuentemente,Hablantes nativos de español que escriben solo en español,Calidad de la corrección en inglés;Análisis de tono y claridad;Extensiones disponibles,Grammarly es el corrector de escritura IA más popular del mundo. Revisa gramática, estilo y tono en tiempo real mientras escribes en cualquier aplicación.
frase-io,Frase,ia-para-escritura,contenido-seo,15,mensual,en,intermedio,https://frase.io,https://tu-enlace-aqui.com/frase-io,Briefings SEO automáticos desde SERP;Análisis de contenido de competidores;Editor con optimización en tiempo real,Interfaz algo confusa al principio;Soporte al cliente limitado en planes básicos,Redactores SEO y marketers de contenido,Redactores SEO y estrategas de contenido,Escritores creativos sin enfoque en SEO,Calidad de los briefs SEO automáticos;Profundidad del análisis de competencia;Precio,Frase analiza los resultados de búsqueda para crear briefs SEO automáticos y te ayuda a escribir contenido que merece rankear. Ideal para equipos de contenido orientados a datos.
sudowrite,Sudowrite,ia-para-escritura,escritura-creativa,10,mensual,en,intermedio,https://sudowrite.com,https://tu-enlace-aqui.com/sudowrite,Diseñado específicamente para ficción creativa;Expansión y reescritura de escenas;Mantiene el tono narrativo de tu estilo,Solo en inglés actualmente;Exclusivo para escritura creativa y ficción,Novelistas y escritores de ficción,Novelistas y escritores de relatos en inglés,Marketers o escritores de contenido B2B,Calidad de la expansión narrativa;Herramientas específicas para ficción;Precio,Sudowrite es el asistente de escritura IA diseñado exclusivamente para novelistas y escritores de ficción. Ayuda a superar el bloqueo creativo y a expandir narrativas.
wordtune,Wordtune,ia-para-escritura,reescritura-mejora,10,mensual,en,basico,https://wordtune.com,https://tu-enlace-aqui.com/wordtune,Reescritura de frases instantánea y fluida;Cambio de tono formal o casual en un clic;Extensión para Chrome muy conveniente,Enfocado en reescribir textos existentes no en generarlos;Funciona mejor en inglés que en español,Profesionales que mejoran borradores,Profesionales que necesitan mejorar textos ya escritos,Escritores que necesitan generar contenido desde cero,Calidad de la reescritura;Cambio de tono disponible;Compatibilidad con plataformas,Wordtune es la herramienta IA de reescritura más intuitiva. Mejora la claridad y el estilo de tus textos existentes con un solo clic.
koala-writer,Koala Writer,ia-para-escritura,articulos-seo,9,mensual,en,intermedio,https://koala.sh,https://tu-enlace-aqui.com/koala-writer,Genera artículos SEO completos con un clic;Integración con GPT-4 y datos actualizados;Especializado en reseñas de Amazon para afiliados,Interfaz minimalista sin editor visual avanzado;Sin modo de colaboración en equipo,Bloggers de nicho y afiliados,Bloggers de nicho SEO y marketers de afiliados,Agencias que necesitan un editor rico y visual,Calidad de los artículos de 1 clic;Especialización en afiliados Amazon;Precio por crédito,Koala Writer genera artículos SEO de alta calidad con un solo clic usando GPT-4. Es especialmente potente para crear reseñas de productos de afiliados de Amazon.
anyword,Anyword,ia-para-escritura,copywriting-datos,24,mensual,en,avanzado,https://anyword.com,https://tu-enlace-aqui.com/anyword,Predicción de rendimiento del copy basada en datos;Testing A/B de variaciones de texto IA;Análisis de audiencia y segmentación,Precio relativamente elevado para individuales;Curva de aprendizaje media para aprovechar test IA,Growth marketers y equipos de performance,Growth marketers y equipos de performance de pago,Redactores que prefieren guiarse por intuición creativa,Calidad de las predicciones de rendimiento;Herramientas de A/B testing;Precio por usuario,Anyword predice el rendimiento de cualquier copy antes de publicarlo usando datos históricos de millones de anuncios. Ideal para equipos de marketing orientados a resultados.
peppertype,Peppertype,ia-para-escritura,contenido-rapido,25,mensual,en,basico,https://peppertype.ai,https://tu-enlace-aqui.com/peppertype,Generación de contenido rápida y variada;Auditoría y scoring de contenido existente;Colaboración en equipo en tiempo real,Comunidad y ecosistema menores que Jasper;Menos integraciones con herramientas externas,Equipos pequeños de contenido,Equipos de contenido de startups y PYMEs,Grandes agencias con necesidades de integración avanzada,Velocidad de generación;Herramientas de colaboración;Precio por equipo,Peppertype es una plataforma de generación de contenido IA pensada para equipos pequeños que necesitan mucho volumen de texto de calidad a un precio razonable.
longshot-ai,LongShot AI,ia-para-escritura,fact-checking,19,mensual,en,intermedio,https://longshot.ai,https://tu-enlace-aqui.com/longshot-ai,Verificación de hechos integrada en flujo;Contenido respaldado con fuentes actuales;Workflows SEO especializados para blogs,Interfaz mejorable y poco intuitiva;Base de usuarios menor que competidores principales,Periodistas y redactores de contenido factual,Periodistas y redactores de contenido factual,Escritores que priorizan la velocidad sobre la precisión,Calidad de la verificación de hechos;Actualización de fuentes;Integración SEO,LongShot AI es el único generador de contenido que verifica los hechos automáticamente. Crea artículos respaldados por fuentes verificadas.
neuronwriter,NeuronWriter,ia-para-escritura,optimizacion-seo,19,mensual,es,intermedio,https://neuronwriter.com,https://tu-enlace-aqui.com/neuronwriter,Análisis NLP semántico profundo;Planificador de contenidos integrado;Precio muy competitivo vs SurferSEO,Menos reconocimiento internacional;Interfaz algo densa en algunas secciones,SEOs y redactores técnicos,SEOs y especialistas en contenido semántico,Redactores sin conocimientos técnicos de SEO,Profundidad del análisis semántico;Precio vs SurferSEO;Facilidad de uso,NeuronWriter optimiza el contenido con análisis NLP semántico similar a SurferSEO pero a precio más accesible. Perfecto para SEOs y bloggers técnicos hispanohablantes.
scalenut,Scalenut,ia-para-escritura,seo-y-contenido,39,mensual,en,intermedio,https://scalenut.com,https://tu-enlace-aqui.com/scalenut,Clustering automático de keywords relacionadas;Cruise Mode para artículos completos en minutos;Auditoría SEO integrada en la plataforma,Precio comparable a Jasper para usuarios individuales;Curva de aprendizaje media alta,Content managers y agencias SEO,Content managers y equipos de agencias SEO,Blogs personales o freelancers con poco presupuesto,Automatización del research SEO;Calidad del Cruise Mode;Precio para equipos,Scalenut es una suite de contenido SEO todo en uno con clustering de keywords, Cruise Mode para artículos completos y auditoría SEO integrada. Ideal para agencias.
midjourney,Midjourney,ia-para-imagenes,arte-digital,10,mensual,en,intermedio,https://midjourney.com,https://tu-enlace-aqui.com/midjourney,Calidad artística insuperable en el mercado;Comunidad activa con millones de imágenes;Estilos únicos y reconocibles,Funciona mediante Discord únicamente;Curva de aprendizaje de prompts avanzada,Artistas digitales y diseñadores creativos,Artistas digitales y diseñadores con criterio visual,Principiantes que buscan herramienta sin aprendizaje,Calidad artística del output;Variedad de estilos disponibles;Curva de aprendizaje,Midjourney es el generador de imágenes IA con mayor calidad artística del mercado. Crea ilustraciones, conceptos y fotografías de alta calidad mediante prompts en Discord.
dall-e,DALL·E 3,ia-para-imagenes,generacion-imagenes,20,por-creditos,es,basico,https://openai.com/dall-e-3,https://tu-enlace-aqui.com/dall-e,Integrado directamente en ChatGPT;Muy fácil de usar sin curva de aprendizaje;Comprende instrucciones complejas en lenguaje natural,Menos estilizado que Midjourney en arte;Precio por imagen puede ser elevado para volumen,Cualquiera que necesite imágenes rápidas,Usuarios de ChatGPT que necesitan imágenes rápidas,Artistas que buscan estilos únicos y definidos,Comprensión del lenguaje natural;Integración con ChatGPT;Precio por imagen,DALL·E 3 es el generador de imágenes de OpenAI integrado en ChatGPT. Destaca por su capacidad de entender instrucciones complejas y generar imágenes coherentes.
stable-diffusion,Stable Diffusion,ia-para-imagenes,generacion-open-source,0,gratis,en,avanzado,https://stability.ai,https://tu-enlace-aqui.com/stable-diffusion,100% gratuito y open source;Control absoluto sobre el modelo y parámetros;Modelos y LoRAs personalizables por la comunidad,Requiere GPU potente o servicio en la nube;Muy técnico para usuarios no técnicos,Desarrolladores y artistas técnicos,Desarrolladores e investigadores técnicos avanzados,Usuarios sin conocimientos técnicos ni hardware,Control técnico del modelo;Comunidad y extensiones;Requisitos de hardware,Stable Diffusion es el modelo de generación de imágenes open source más utilizado. Te da control total sobre cada parámetro y puedes ejecutarlo localmente de forma gratuita.
leonardo-ai,Leonardo.AI,ia-para-imagenes,generacion-imagenes,10,mensual,en,intermedio,https://leonardo.ai,https://tu-enlace-aqui.com/leonardo-ai,Modelos personalizados entrenados por la comunidad;Control preciso de pose y composición;Plan gratuito muy generoso para empezar,Menos reconocimiento que Midjourney;Resultados pueden variar entre modelos,Game designers y creadores de assets,Diseñadores de videojuegos y creadores de assets,Fotógrafos que buscan realismo fotográfico,Variedad de modelos de la comunidad;Herramientas de control de pose;Generosidad del plan gratuito,Leonardo.AI es la plataforma de generación de imágenes IA preferida para game design. Ofrece modelos entrenados por la comunidad y herramientas de control de composición.
ideogram,Ideogram,ia-para-imagenes,texto-en-imagenes,8,mensual,en,basico,https://ideogram.ai,https://tu-enlace-aqui.com/ideogram,Mejor IA del mercado para texto dentro de imágenes;Tipografía perfecta y legible;Plan gratuito para empezar sin coste,Menos control artístico que Midjourney;Comunidad más pequeña con menos modelos,Diseñadores de logos y marketing visual,Diseñadores gráficos y equipos de marketing visual,Artistas que no necesitan texto en sus imágenes,Precisión del texto en imágenes;Variedad tipográfica;Precio inicial gratuito,Ideogram es el generador de imágenes IA especializado en añadir texto con tipografía perfecta. Ideal para crear logos, banners y material de marketing con texto integrado.
adobe-firefly,Adobe Firefly,ia-para-imagenes,diseno-profesional,5,mensual,es,intermedio,https://firefly.adobe.com,https://tu-enlace-aqui.com/adobe-firefly,Integrado en Photoshop e Illustrator natively;Uso comercial seguro y sin restricciones;Relleno generativo para edición fotográfica,Requiere suscripción Creative Cloud de Adobe;Créditos de generación limitados por plan,Diseñadores profesionales y fotógrafos,Diseñadores que ya usan el ecosistema Adobe,Creadores sin suscripción Adobe o presupuesto,Integración con Photoshop e Illustrator;Licencia comercial sin restricciones;Créditos por plan,Adobe Firefly integra la generación IA directamente en Photoshop e Illustrator. Su relleno generativo revoluciona el retoque fotográfico y el diseño gráfico profesional.
canva-ai,Canva IA,ia-para-imagenes,diseno-social-media,0,gratis-y-mensual,es,basico,https://canva.com,https://tu-enlace-aqui.com/canva-ai,Todo en uno: diseño + IA en una plataforma;Magic Write y Magic Edit integrados;Plan gratuito muy funcional para empezar,Estilo de diseño algo genérico y predecible;Funciones IA más avanzadas requieren plan Pro,Community Managers y emprendedores,Community managers y emprendedores no técnicos,Diseñadores que buscan originalidad y control fino,Funciones IA en plan gratuito;Calidad de las plantillas;Facilidad de uso,Canva IA combina el diseño gráfico más popular del mundo con herramientas de inteligencia artificial. Genera imágenes, presenta texto y diseña contenido todo desde una sola plataforma.
clipdrop,ClipDrop,ia-para-imagenes,edicion-ia,0,gratis-y-mensual,es,basico,https://clipdrop.co,https://tu-enlace-aqui.com/clipdrop,Eliminador de fondos del mercado;Relighting IA para reencuadramiento de luz;Cleanup para eliminar objetos no deseados,Calidad variable en generación creativa;Menos opciones para arte generativo,Fotógrafos y e-commerce,Fotógrafos y equipos de e-commerce,Artistas que buscan generación creativa,Calidad del eliminador de fondos;Herramientas de edición IA;Plan gratuito disponible,ClipDrop es la suite de herramientas IA de edición de imágenes de Stability AI. Destaca por su eliminador de fondos perfecto y su herramienta de relighting fotográfico.
nightcafe,NightCafe,ia-para-imagenes,arte-ia,0,por-creditos,en,basico,https://nightcafe.studio,https://tu-enlace-aqui.com/nightcafe,Múltiples motores IA en una plataforma;Créditos gratuitos diarios para experimentar;Comunidad activa con concursos y galería,Calidad general inferior a Midjourney;Interfaz algo anticuada en secciones,Aficionados al arte digital,Aficionados al arte digital y experimentadores,Artistas profesionales con necesidades de calidad alta,Variedad de motores IA disponibles;Créditos gratuitos diarios;Comunidad y concursos,NightCafe es la plataforma de arte IA con mayor variedad de modelos disponibles. Su sistema de créditos gratuitos diarios la hace perfecta para explorar sin compromiso.
playground-ai,Playground AI,ia-para-imagenes,generacion-rapida,0,gratis-y-mensual,en,basico,https://playground.com,https://tu-enlace-aqui.com/playground-ai,1000 imágenes gratuitas al día en plan free;Interfaz web simple y sin fricción;Mixed Image Editing para combinar fotos,Resultados menos refinados que Midjourney;Menos modelos premium disponibles,Usuarios casuales y experimentadores,Usuarios casuales y creativos que quieren explorar,Artistas con necesidades de calidad profesional,Número de imágenes gratuitas al día;Facilidad de la interfaz;Capacidades de mixed editing,Playground AI ofrece hasta 1000 imágenes gratuitas diarias con una interfaz sencilla. Es ideal para experimentar con IA generativa sin gastar dinero.
flux-ai,Flux,ia-para-imagenes,generacion-avanzada,0,gratis,en,avanzado,https://blackforestlabs.ai,https://tu-enlace-aqui.com/flux-ai,Calidad fotorrealista superior entre modelos open source;Open source ejecutable localmente;Velocidad de generación muy rápida,Requiere hardware potente para ejecución local;Documentación técnica escasa para usuarios nuevos,Desarrolladores y usuarios técnicos avanzados,Desarrolladores e investigadores de IA avanzados,Usuarios sin experiencia técnica o hardware adecuado,Calidad fotorrealista del output;Open source y privacidad total;Requisitos de hardware,Flux de Black Forest Labs es el modelo de generación de imágenes open source más avanzado. Ofrece calidad fotorrealista superior ejecutable localmente o en la nube.
getimg-ai,Getimg.ai,ia-para-imagenes,edicion-batch,12,mensual,en,intermedio,https://getimg.ai,https://tu-enlace-aqui.com/getimg-ai,Edición y generación de imágenes por lotes;Inpainting avanzado con alta precisión;API disponible para integraciones,Menor reconocimiento de marca que competidores;Interfaz mejorable con curva de aprendizaje,Equipos que necesitan producción en volumen,Equipos de producción creativa en volumen,Usuarios que buscan generación de una sola imagen,Capacidades de batch processing;Herramientas de inpainting;API disponible,Getimg.ai es la plataforma IA especializada en producción masiva de imágenes. Su API y herramientas de batch processing la hacen ideal para equipos con necesidades de alto volumen.
fotor-ai,Fotor IA,ia-para-imagenes,edicion-fotos,8,mensual,es,basico,https://fotor.com,https://tu-enlace-aqui.com/fotor-ai,Mejora automática de fotos con IA;Eliminador de fondos potente y preciso;Efectos artísticos variados,Funciones IA algo limitadas vs competidores especializados;Anuncios intrusivos en plan gratuito,Fotógrafos amateur y redes sociales,Fotógrafos amateur y usuarios de redes sociales,Profesionales que requieren edición fotográfica avanzada,Calidad de la mejora automática de fotos;Herramientas disponibles en plan gratuito;Comparativa de precio,Fotor IA es un editor de fotos online con herramientas de inteligencia artificial para mejorar fotos, eliminar fondos y aplicar efectos artísticos. Ideal para uso casual.
krea-ai,Krea AI,ia-para-imagenes,generacion-en-tiempo-real,0,gratis-y-mensual,en,intermedio,https://krea.ai,https://tu-enlace-aqui.com/krea-ai,Generación de imágenes en tiempo real mientras dibujas;Canvas interactivo muy innovador;Upscale inteligente de alta calidad,Todavía en fase beta con cambios frecuentes;Funcionalidades que cambian constantemente,Diseñadores experimentales y arte conceptual,Diseñadores experimentales y artistas conceptuales,Usuarios que necesitan herramientas estables en producción,Innovación del canvas en tiempo real;Calidad del upscale IA;Estabilidad de la plataforma,Krea AI ofrece generación de imágenes en tiempo real mientras pintas o dibujas en un canvas interactivo. Su innovador enfoque lo hace único para exploración creativa.
pixlr-ai,Pixlr AI,ia-para-imagenes,edicion-web,0,gratis-y-mensual,es,basico,https://pixlr.com,https://tu-enlace-aqui.com/pixlr-ai,Editor de fotos completo 100% online y gratuito;Generador de imágenes IA integrado;Eliminación de fondos automática,Anuncios frecuentes en versión gratuita;Menos potente que Photoshop en edición avanzada,Edición rápida sin instalar nada,Usuarios que necesitan edición rápida sin instalar software,Diseñadores gráficos avanzados usuarios de Photoshop,Capacidades de edición gratuita online;Generación IA integrada;Velocidad sin instalación,Pixlr AI es el editor de imágenes online gratuito más completo. Permite editar fotos, eliminar fondos y generar imágenes con IA directamente desde el navegador.
surfer-seo,SurferSEO,ia-para-seo,optimizacion-contenidos,89,mensual,es,avanzado,https://surferseo.com,https://tu-enlace-aqui.com/surfer-seo,Auditoría SEO de contenido impecable;Integración nativa con Google Docs;Content Score en tiempo real mientras escribes,Curva de aprendizaje empinada para novatos;Precio muy elevado para bloggers individuales,Agencias SEO y dueños de nichos,Agencias SEO y bloggers serios con presupuesto,Bloggers principiantes o con presupuesto ajustado,Calidad del Content Score;Integración con Google Docs;Precio mensual vs alternativas,SurferSEO es la herramienta de optimización de contenido más precisa del mercado. Su Content Score en tiempo real y su integración con Google Docs la hacen imprescindible para SEOs.
se-ranking,SE Ranking,ia-para-seo,auditoria-ranking,44,mensual,es,intermedio,https://seranking.com,https://tu-enlace-aqui.com/se-ranking,Suite SEO muy completa a precio justo;Seguimiento de posiciones con alta frecuencia;Auditoría técnica web detallada,Interfaz algo anticuada comparada con Semrush;Base de datos de backlinks menor que Ahrefs,Bloggers de nicho y PYMEs,Bloggers de nicho y pequeñas y medianas empresas,Grandes agencias que necesitan la mayor base de datos,Completitud de la suite;Precio vs Semrush y Ahrefs;Actualización de rankings,SE Ranking es la suite SEO todo en uno más equilibrada en precio-calidad. Ofrece seguimiento de posiciones, auditoría técnica y análisis de competencia a un precio justo.
semrush,Semrush,ia-para-seo,seo-completo,130,mensual,es,avanzado,https://semrush.com,https://tu-enlace-aqui.com/semrush,Suite SEO y marketing digital más completa del mercado;Análisis de competencia con datos únicos;Módulos de PPC y social media integrados,Precio muy elevado y prohibitivo para individuales;Abrumador para usuarios principiantes,Agencias de marketing digital,Grandes agencias de marketing digital y corporaciones,Bloggers individuales y pequeñas empresas,Profundidad del análisis de competencia;Datos de PPC y publicidad;Precio para equipos y agencias,Semrush es la suite de marketing digital más completa del mundo. Ofrece SEO, PPC, análisis de competencia, social media y content marketing en una sola plataforma.
ahrefs,Ahrefs,ia-para-seo,backlinks-keywords,99,mensual,es,avanzado,https://ahrefs.com,https://tu-enlace-aqui.com/ahrefs,Mejor base de datos de backlinks del mundo;Content Explorer para ideas de contenido viral;Keyword Explorer con datos de alta precisión,Precio elevado sin plan gratuito real;Base de datos sesgada hacia mercados anglosajones,SEOs profesionales y link builders,SEOs avanzados y especialistas en link building,Principiantes en SEO o con presupuesto limitado,Calidad de la base de datos de backlinks;Precisión del Keyword Explorer;Precio vs Semrush,Ahrefs es la herramienta de análisis de backlinks y keywords más respetada por SEOs profesionales. Su base de datos de enlaces es la más grande y precisa del mercado.
mangools,Mangools,ia-para-seo,keyword-research,30,mensual,es,basico,https://mangools.com,https://tu-enlace-aqui.com/mangools,Interfaz más intuitiva del mercado SEO;KWFinder excelente para keywords long-tail;Precio muy accesible para presupuestos ajustados,Base de datos menor que Semrush y Ahrefs;Menos funciones avanzadas en auditoría técnica,Principiantes SEO y bloggers,Principiantes en SEO y bloggers con presupuesto,SEOs avanzados que necesitan datos enterprise,Facilidad de uso del KWFinder;Precio mensual;Calidad del análisis SERP,Mangools es el pack SEO más amigable para principiantes. Su herramienta KWFinder es la preferida para encontrar keywords long-tail con baja competencia.
ubersuggest,Ubersuggest,ia-para-seo,seo-accesible,12,mensual,es,basico,https://neilpatel.com/ubersuggest,https://tu-enlace-aqui.com/ubersuggest,Precio muy bajo o pago único disponible;Ideas de contenido y keywords integradas;Auditoría básica gratuita del sitio,Datos menos precisos que Semrush o Ahrefs;Límites de uso más restrictivos que competidores,Emprendedores y bloggers con poco presupuesto,Emprendedores y bloggers con presupuesto muy ajustado,Profesionales SEO que necesitan datos enterprise,Precio total vs competidores;Funciones del plan gratuito;Precisión de los datos,Ubersuggest de Neil Patel ofrece funciones SEO esenciales a un precio mínimo con opción de pago único. Ideal para small business que necesitan lo básico sin gastar mucho.
dinorank,DinoRANK,ia-para-seo,seo-en-espanol,22,mensual,es,intermedio,https://dinorank.com,https://tu-enlace-aqui.com/dinorank,Herramienta SEO 100% en español y para español;Módulo de interlinking automático;TF*IDF integrado para optimización semántica,Exclusivamente orientada al mercado hispano;Datos de backlinks menores que herramientas globales,SEOs hispanohablantes y nichos en español,SEOs que trabajan exclusivamente en español,Proyectos internacionales en inglés u otros mercados,Especialización en mercado hispano;Módulo de interlinking;Precio mensual,DinoRANK es la única herramienta SEO diseñada específicamente para el mercado hispano. Incluye TF*IDF, interlinking automático y monitorización de posiciones en español.
sistrix,Sistrix,ia-para-seo,visibilidad-seo,99,mensual,es,avanzado,https://sistrix.com,https://tu-enlace-aqui.com/sistrix,Índice de visibilidad Sistrix como referencia de mercado;Datos históricos muy amplios y completos;Análisis SERP profundo con historial,Precio muy elevado para el mercado;Sin herramientas de contenido IA integradas,Consultores SEO y grandes empresas,Consultores SEO y grandes empresas corporativas,PYMEs y bloggers con presupuesto limitado,Fiabilidad del índice de visibilidad;Profundidad datos históricos;Precio para agencias,Sistrix es la herramienta de visibilidad SEO de referencia en Europa. Su Índice de Visibilidad es el estándar para medir el rendimiento orgánico de cualquier dominio.
lowfruits,LowFruits,ia-para-seo,keywords-baja-competencia,25,mensual,en,intermedio,https://lowfruits.io,https://tu-enlace-aqui.com/lowfruits,Encuentra keywords de baja competencia con rapidez;SERP weakness finder para analizar rivales débiles;Clustering automático de keywords,Base de datos algo limitada vs Ahrefs;Principalmente en inglés con datos limitados en español,Bloggers de nicho y SEOs de afiliación,Bloggers de nicho y marketers de afiliados,SEOs que trabajan principalmente en español,Calidad de la detección de keywords débiles;Funciones de clustering;Precio mensual,LowFruits especializar en encontrar keywords donde los resultados de búsqueda tienen contenido débil. Perfecto para bloggers de nicho que buscan ganar posiciones rápido.
seranking-content,SE Ranking Content Editor,ia-para-seo,redaccion-seo,0,incluido,es,intermedio,https://seranking.com/content-editor.html,https://tu-enlace-aqui.com/seranking-content,Incluido sin coste adicional con SE Ranking;Sugerencias NLP para optimización semántica;Puntuación de contenido en tiempo real,Requiere suscripción activa de SE Ranking;Menos completo que SurferSEO en funciones avanzadas,Usuarios actuales de SE Ranking,Usuarios que ya tienen SE Ranking como herramienta SEO,Usuarios que buscan la mejor herramienta de contenido del mercado,Profundidad de las sugerencias NLP;Integración con SE Ranking;Comparativa vs SurferSEO,SE Ranking Content Editor es el módulo de redacción SEO integrado en SE Ranking. Ofrece sugerencias NLP y puntuación de contenido para optimizar artículos sin coste adicional.
rankmath,Rank Math,ia-para-seo,seo-wordpress,0,gratis-y-mensual,es,basico,https://rankmath.com,https://tu-enlace-aqui.com/rankmath,Plugin SEO de WordPress gratuito más potente;Content AI con sugerencias integradas;Schema markup automático para rich snippets,Exclusivo para sitios en WordPress;Funciones IA avanzadas solo en plan Pro de pago,Bloggers en WordPress,Bloggers y sitios en WordPress de cualquier nivel,Usuarios de Wix Shopify o plataformas no WordPress,Funciones gratuítas vs Yoast;Integración con Content AI;Precio del plan Pro,Rank Math es el plugin SEO más potente para WordPress. Ofrece optimización on-page avanzada, schema automático y Content AI para mejorar el posicionamiento de tu blog.
chatgpt,ChatGPT (o3-mini),ia-para-escritura,asistente-multimodal,0,gratis-y-mensual,es,basico,https://chat.openai.com,,Razonamiento avanzado (o3-mini);Multimodalidad líder;Ecosistema de GPTs,Alucinaciones ocasionales;Privacidad en plan gratuito,Uso general y razonamiento complejo,Estudiantes y profesionales que buscan razonamiento lógico,Usuarios que necesitan datos privados locales,Razonamiento lógico;Capacidad multimodal;Velocidad de respuesta,ChatGPT o3-mini es la evolución del asistente de OpenAI, optimizado para razonamiento complejo y tareas multimodales con una velocidad sin precedentes.
claude,Claude (3.5 Sonnet),ia-para-escritura,escritura-natural,0,gratis-y-mensual,es,basico,https://claude.ai,,Escritura humana y matizada;Artifacts para visualización;Ventana de contexto enorme,Límites de mensajes diarios;Sin búsqueda en tiempo real avanzada,Redactores y desarrolladores,Escritores que buscan un tono natural y analítico,Busquedas de datos en tiempo real extremo,Calidad de escritura;Análisis de archivos;Integración de Artifacts,Claude 3.5 Sonnet destaca por su tono humano y su capacidad analítica superior, ideal para redactar contenido complejo y visualizar código con Artifacts.
sintra-ai,Sintra AI,ia-para-escritura,automatización-contenido,20,mensual,es,intermedio,https://sintra.ai,,Cientos de prompts listos;Voz de marca consistente;Multimodal,Precio por encima de la media;Interfaz cargada,Equipos de marketing,Agencias que necesitan automatizar la creación de contenido,Usuarios casuales,Variedad de prompts;Calidad del output;Soporte multi-idioma,Sintra AI es una plataforma diseñada para automatizar flujos de trabajo de contenido mediante prompts optimizados y voces de marca consistentes.
flux-ai-2026,Flux.1 (Black Forest Labs),ia-para-imagenes,generacion-realista,0,gratis-y-mensual,en,avanzado,https://blackforestlabs.ai,,Realismo anatómico perfecto;Fácil de ejecutar localmente;Open source,Alta demanda de GPU;Menos filtros de seguridad,Fotógrafos y artistas digitales,Artistas que buscan realismo extremo y anatomía perfecta,Usuarios sin GPU potente o conocimientos técnicos,Calidad fotorrealista;Open weights;Velocidad de entrenamiento,Flux.1 es el nuevo estándar en imágenes fotorrealistas de código abierto, superando a Midjourney en anatomía y composición.
kling-ai,Kling AI,ia-para-video,video-hiperrealista,0,gratis-y-mensual,en,intermedio,https://klingai.com,,Videos de hasta 2 minutos;Realismo cinematográfico físico;Consistencia de personajes,Tiempos de espera largos;Regulaciones estrictas,Producción de cine y redes,Productores de video que buscan clips largos y realistas,Videos cortos rápidos de baja calidad,Duración del clip;Física del movimiento;Consistencia visual,Kling AI es la gran sorpresa asiática que permite generar videos de hasta 120 segundos con una física y realismo que desafían a Sora.
google-veo,Google Veo,ia-para-video,video-profesional,0,gratis-y-mensual,en,basico,https://deepmind.google/technologies/veo/,,Soporte 4K nativo;Comprensión cinematográfica;Seguridad de contenido,Acceso limitado inicial;Ecosistema cerrado,Marketers y empresas,Empresas que buscan videos de stock 4K personalizados,Usuarios que necesitan prompts sin filtros,Resolución 4K;Comprensión de prompts;Seguridad de marca,Google Veo es la apuesta de Google para competir en el video 4K, ofreciendo una comprensión excepcional de las técnicas cinematográficas.
sora,Sora,ia-para-video,generacion-video,0,mensual,en,basico,https://openai.com/sora,,Calidad visual de película;Simulación del mundo físico;Consistencia temporal,Todavía no disponible para todos;Coste computacional altísimo,Productores de Hollywood y publicidad,Directores de arte y creadores de contenido de alta gama,Pequeñas ediciones de video rápidas,Realismo físico;Consistencia de objetos;Innovación técnica,Sora es el modelo de OpenAI que cambió las reglas del juego, creando videos que parecen grabados con cámaras reales en sets físicos.
perplexity-pro,Perplexity Pro,ia-para-seo,busqueda-inteligente,20,mensual,es,basico,https://perplexity.ai,,Fuentes citadas en tiempo real;Selección de modelos (o3, Claude);Buscador sin anuncios,A veces resume de más;Costo de suscripción,Investigadores y SEOs,Periodistas y SEOs que necesitan fuentes verificables,Usuarios que buscan chat creativo puro,Precisión de fuentes;Velocidad de búsqueda;Versatilidad de modelos,Perplexity Pro redefine la búsqueda online citando fuentes reales y permitiendo elegir el modelo de IA más potente para cada respuesta.
adcreative-ai,AdCreative.ai,ia-para-seo,ads-marketing,21,mensual,es,basico,https://adcreative.ai,,Genera banners en segundos;Scoring de conversión IA;Integración con Google Ads,Estilos a veces repetitivos;Créditos limitados,E-commerce y Media buyers,Dueños de e-commerce que necesitan cientos de creatividades,Artistas que buscan diseño manual único,Tasa de conversión estimada;Variedad de formatos;Velocidad de diseño,AdCreative.ai genera cientos de anuncios y banners optimizados para conversión en segundos, ideal para campañas de Meta y Google Ads.
cursor,Cursor,ia-para-productividad,editor-codigo,0,gratis-y-mensual,en,basico,https://cursor.com,,IA integrada en el core del editor;Predicción de cambios en múltiples archivos;Fork de VS Code,Requiere suscripción para modelos Pro;Algo pesado en memoria,Desarrolladores de software,Programadores que quieren triplicar su velocidad de desarrollo,Usuarios que no programan o buscan editores simples,Integración con codebase;Predicción de cambios;Modelos disponibles,Cursor es el editor de código del futuro, un fork de VS Code que entiende todo tu proyecto y predice tus siguientes cambios de código.
fireflies-ai,Fireflies.ai,ia-para-productividad,transcripcion-reuniones,10,mensual,es,basico,https://fireflies.ai,,Graba y transcribe reuniones solo;Buscador de temas clave;Resúmenes automáticos,Puede ser intrusivo en llamadas;Soporte de video limitado en plan base,Equipos remotos y managers,Managers que tienen muchas reuniones y olvidan los detalles,Usuarios que no tienen llamadas frecuentes,Precisión de transcripción;Calidad del resumen;Integración con CRM,Fireflies.ai se une a tus reuniones en Zoom o Meet para grabar, transcribir y analizar los puntos clave de cada conversación automáticamente.
gamma,Gamma,ia-para-productividad,presentaciones-ia,0,gratis-y-mensual,es,basico,https://gamma.app,,Crea presentaciones desde un prompt;Diseño profesional y moderno;Websites rápidos,Personalización de plantillas limitada;Créditos de IA cortos,Estudiantes y consultores,Profesionales que necesitan una presentación impecable en 5 minutos,Diseñadores que quieren control pixel-perfect,Calidad del diseño;Velocidad de generación;Interactividad,Gamma permite crear presentaciones, documentos y páginas web en segundos con un diseño premium simplemente escribiendo lo que quieres.
elevenlabs,ElevenLabs,ia-para-audio,clonacion-voz,5,mensual,es,basico,https://elevenlabs.io,,Voces humanas indistinguibles;Clonación de voz perfecta;Traducción de video con sincronización,Límites de caracteres estrictos;Puede ser usado para deepfakes,Creadores de contenido y YouTubers,Podcasters y YouTubers que necesitan una narración profesional,Usuarios que buscan música (Suno es mejor),Naturalidad de voz;Latencia;Idiomas soportados,ElevenLabs es el estándar de oro en audio IA, ofreciendo clonación de voz y generación de habla con un realismo emocional insuperable.
murf-ai,Murf AI,ia-para-audio,locucion-profesional,19,mensual,es,basico,https://murf.ai,,Estudio de locución completo;Voces corporativas de alta calidad;Sincronización fácil con video,Menos voces emocionantes que ElevenLabs;Precio algo más alto,E-learning y formación,Formadores que necesitan voces claras y profesionales para cursos,Creadores de contenido viral (ElevenLabs es mejor),Claridad de voz;Herramientas de edición;Soporte corporativo,Murf AI ofrece un estudio de locución completo para crear videos de formación y tutoriales con voces profesionales equilibradas y claras.
suno,Suno,ia-para-audio,creacion-musica,0,gratis-y-mensual,es,basico,https://suno.com,,Crea canciones completas con letra;Calidad de producción profesional;Cualquier género musical,Control limitado sobre la composición fina;Cuestiones de copyright,Músicos y creadores de redes,Creadores que necesitan bandas sonoras únicas para sus videos,Productores que buscan pistas MIDI editables,Calidad de audio;Comprensión de género;Letras generadas,Suno es la IA que genera canciones completas (voz e instrumentos) con una calidad que las hace indistinguibles de una producción real.
udio,Udio,ia-para-audio,creacion-musica,0,gratis-y-mensual,en,basico,https://udio.com,,Calidad de sonido cristalina;Mejor fidelidad que Suno;Herramientas de extensión de pista,A veces difícil conseguir el estilo exacto;Menos social que Suno,Melómanos y productores,Usuarios que buscan la máxima fidelidad sonora en música IA,Principiantes que quieren algo ultra rápido,Fidelidad de audio;Capacidad de extensión;Variedad de estilos,Udio compite por el trono de la música IA ofreciendo una fidelidad de audio impresionante y herramientas para expandir pistas de forma coherente.
make,Make.com,ia-para-automatizacion,no-code-workflows,9,mensual,en,intermedio,https://make.com,,Control visual total de flujos;Más barato que Zapier;Integraciones infinitas,Curva de aprendizaje fuerte;Documentación técnica,Automatizadores y Devs,Usuarios avanzados que quieren crear sistemas complejos sin código,Principiantes que solo quieren conectar dos apps simples,Número de apps;Flexibilidad de lógica;Precio por ejecución,Make.com (antes Integromat) es la herramienta más flexible para conectar miles de apps y crear flujos de trabajo inteligentes sin escribir código.
zapier,Zapier,ia-para-automatizacion,automatizacion-simple,0,gratis-y-mensual,es,basico,https://zapier.com,,Más de 6000 apps integradas;IA para crear zaps (natural language);Muy intuitivo,Precios muy altos al escalar;Lógica menos flexible que Make,PYMEs y solopreneurs,Negocios que buscan la forma más fácil de conectar sus herramientas,Power users que necesitan lógica condicional compleja,Facilidad de uso;Número de integraciones;Soporte al cliente,Zapier es la herramienta de automatización pionera, ahora con IA para que crees flujos de trabajo hablando simplemente con el asistente.
n8n,n8n,ia-para-automatizacion,auto-hospedado,0,gratis-y-mensual,en,avanzado,https://n8n.io,,Auto-hospedado (privacidad total);Nodos de IA integrados nativos;Sin limites de ejecucion si es local,Requiere instalación técnica;Soporte comunitario,CTOs y Desarrolladores,Empresas que priorizan la privacidad de datos y el auto-hospedaje,Equipos que no tienen perfil técnico para mantenimiento,Privacidad de datos;Costo de infraestructura;Nodos de IA,n8n es la alternativa open source a Zapier que te permite hospedar tus propias automatizaciones de IA manteniendo el control total de tus datos.
github-copilot,GitHub Copilot,ia-para-productividad,asistente-codigo,10,mensual,es,basico,https://github.com/features/copilot,,Integrado nativo en VS Code;Basado en GPT-4o;Muy estable y confiable,Sugerencias a veces aburridas;Menos proactivo que Cursor,Desarrolladores corporativos,Programadores que ya usan VS Code y buscan estabilidad,Programadores que quieren una IA que modifique múltiples archivos sola,Integración con VS Code;Calidad del modelo;Soporte de lenguajes,GitHub Copilot es el asistente de código original, ahora potenciado por GPT-4o, ideal para desarrolladores que buscan una herramienta integrada y estable.
